,TOV,L,Opp.,AST,3P,FG,SRS,PF,ORB,FG%,BLK,3P%,STL,school,Rk,W,FGA,G,FT,Tm.,TRB,School,FTA,3PA,W-L%,SOS,FT%,MP
,461,8,2279,481,213,870,-8.87,671,305,.464,128,.325,260,Abilene Christian,1,6,1873,32,406,2359,1092,Abilene Christian,579,656,.500,-6.55,.701,1290
,391,10,2244,445,250,733,-4.02,557,302,.419,78,.331,201,Air Force,2,3,1751,31,408,2124,1014,Air Force,556,755,.387,2.01,.734,1245
,440,10,2411,417,305,793,-6.67,637,300,.435,81,.360,189,Akron,3,2,1823,32,405,2296,1066,Akron,582,848,.438,-1.76,.696,1295
,514,18,2367,340,182,673,-23.87,506,328,.397,49,.303,123,Alabama A&M,4,1,1697,31,345,1873,1046,Alabama A&M,533,601,.097,-7.94,.647,1245
,437,6,2303,559,223,945,4.61,490,334,.487,126,.345,178,UAB,5,5,1939,33,423,2536,1259,Alabama-Birmingham,564,647,.606,-0.94,.750,1330
,437,13,2437,314,209,751,-18.45,648,394,.409,130,.328,169,Alabama St.,6,4,1838,31,418,2129,1131,Alabama State,647,638,.258,-8.51,.646,1245
,481,8,2379,426,217,860,12.95,645,341,.458,186,.325,218,Alabama,7,2,1877,34,523,2460,1231,Alabama NCAA,778,668,.559,10.57,.672,1360
,371,7,2182,405,184,839,0.10,528,377,.457,91,.367,150,Albany (NY),8,8,1836,32,513,2375,1191,Albany (NY),680,502,.688,-5.32,.754,1280
,459,16,2388,419,239,791,-17.87,613,304,.433,85,.338,200,Alcorn,9,2,1826,32,423,2244,1104,Alcorn State,598,708,.344,-8.41,.707,1285
,413,16,2215,367,239,698,-14.46,550,238,.432,98,.337,217,American,10,2,1615,30,326,1961,869,American,491,709,.200,-5.99,.664,1205
,457,11,2448,408,292,864,-4.55,626,389,.436,116,.340,198,Appalachian St.,11,4,1983,33,500,2520,1291,Appalachian State,748,860,.455,-2.39,.668,1340
,333,6,2335,439,277,867,15.02,585,307,.464,111,.364,204,Arizona St.,12,4,1867,31,578,2589,1093,Arizona State NCAA,783,760,.645,6.83,.738,1250
,417,3,2420,518,235,980,16.92,592,341,.505,155,.377,168,Arizona,13,8,1940,34,555,2750,1246,Arizona NCAA,729,624,.794,7.22,.761,1380
,459,14,2242,391,200,750,-10.12,612,322,.427,93,.321,159,Little Rock,14,2,1755,32,338,2038,1088,Arkansas-Little Rock,553,623,.219,-1.88,.611,1300
,500,13,2499,427,217,815,-14.67,681,277,.437,144,.329,274,Ark.-Pine Bluff,15,6,1863,35,460,2307,1024,Arkansas-Pine Bluff,681,660,.400,-9.18,.675,1410
,419,13,2523,341,236,842,-9.35,589,354,.441,94,.340,215,Arkansas St.,16,4,1910,32,449,2369,1071,Arkansas State,625,695,.344,-2.71,.718,1290
,374,7,2568,492,265,985,15.69,686,346,.477,157,.400,212,Arkansas,17,3,2063,34,522,2757,1183,Arkansas NCAA,770,663,.676,10.13,.678,1375
,403,12,2223,500,295,820,-8.55,593,300,.444,83,.383,170,Army West Point,18,4,1845,30,295,2230,1074,Army,448,771,.433,-7.10,.658,1205
,393,4,2346,462,312,868,17.54,635,388,.439,173,.366,238,Auburn,19,7,1977,32,620,2668,1222,Auburn NCAA,789,852,.781,7.48,.786,1280
,457,9,2297,421,193,852,-3.38,641,414,.454,98,.349,211,Austin Peay,20,5,1876,32,454,2351,1125,Austin Peay,694,553,.563,-2.15,.654,1290
,423,10,2362,453,245,856,-1.04,548,318,.452,112,.337,170,Ball St.,21,5,1895,32,453,2410,1210,Ball State,643,727,.594,-1.81,.705,1295
,432,9,2232,473,204,880,15.03,580,378,.466,140,.354,177,Baylor,22,2,1889,32,448,2414,1221,Baylor,605,576,.563,9.90,.740,1295
,410,6,2284,529,378,901,5.68,531,258,.486,82,.376,161,Belmont,23,9,1853,33,382,2562,1133,Belmont,517,1005,.727,-2.75,.739,1320
,507,10,2543,501,241,903,-12.09,670,424,.443,123,.318,202,Bethune-Cookman,24,8,2039,32,574,2621,1346,Bethune-Cookman,819,759,.563,-12.35,.701,1290
,381,12,2181,376,235,787,-10.26,522,283,.443,131,.350,170,Binghamton,25,3,1775,31,338,2147,1066,Binghamton,528,671,.355,-6.33,.640,1245
,415,5,2133,415,299,855,11.68,552,303,.465,68,.384,173,Boise St.,26,6,1838,31,419,2428,1189,Boise State,567,779,.742,3.15,.739,1260
,432,10,2531,485,294,923,9.67,551,360,.453,108,.362,171,Boston College,27,2,2039,34,471,2611,1262,Boston College,637,812,.559,7.32,.739,1375
,427,9,2226,420,229,800,-8.25,531,296,.462,103,.373,229,Boston U.,28,9,1730,31,357,2186,1044,Boston University,559,614,.484,-5.75,.639,1240
,408,9,2490,425,241,827,-6.24,569,372,.421,83,.349,189,Bowling Green,29,6,1963,32,534,2429,1226,Bowling Green State,730,690,.500,-2.74,.732,1305
,441,9,2136,447,217,768,2.09,626,359,.430,130,.353,214,Bradley,30,4,1788,33,470,2223,1178,Bradley,665,614,.606,0.37,.707,1320
,393,5,2286,520,219,885,8.56,572,232,.484,128,.352,218,BYU,31,7,1829,34,528,2517,1109,Brigham Young,701,622,.706,1.76,.753,1375
,364,11,2133,338,186,695,-7.60,565,310,.426,81,.316,174,Brown,32,3,1631,27,504,2080,988,Brown,667,588,.407,-4.49,.756,1100
,401,17,2582,417,259,771,-18.34,600,312,.410,43,.344,190,Bryant,33,2,1880,31,368,2169,1000,Bryant,522,754,.097,-5.02,.705,1245
,429,8,2477,492,269,942,4.26,632,317,.472,151,.343,191,Bucknell,34,10,1995,34,606,2759,1253,Bucknell NCAA,845,784,.735,-4.03,.717,1380
,426,5,2579,576,329,1045,7.64,719,407,.474,143,.371,217,Buffalo,35,8,2205,34,464,2883,1326,Buffalo NCAA,666,887,.765,-0.54,.697,1375
,369,7,2402,462,270,964,16.44,602,303,.472,97,.356,222,Butler,36,3,2041,33,413,2611,1125,Butler NCAA,536,759,.606,10.11,.771,1350
,366,13,2302,372,267,721,-11.21,564,291,.397,122,.357,154,Cal Poly,37,1,1817,31,373,2082,1034,Cal Poly,478,747,.290,-1.49,.780,1270
,416,12,2068,387,185,697,-6.16,597,341,.417,87,.302,182,CSU Bakersfield,38,3,1670,30,402,1981,1067,Cal State Bakersfield,579,613,.400,-0.31,.694,1200
,438,7,2171,396,163,786,-0.51,553,274,.470,101,.338,198,Cal St. Fullerton,39,7,1671,31,535,2270,1089,Cal State Fullerton NCAA,729,482,.645,-1.51,.734,1250
,365,13,2206,364,186,731,-13.16,533,247,.433,74,.361,149,CSUN,40,2,1688,30,335,1983,940,Cal State Northridge,473,515,.200,-3.20,.708,1215
,414,6,2172,393,208,812,1.22,621,257,.467,75,.375,227,UC Davis,41,9,1737,32,497,2329,1035,UC-Davis,694,555,.688,-1.98,.716,1320
,487,10,2350,430,220,900,0.16,719,420,.437,140,.335,178,UC Irvine,42,7,2061,35,420,2440,1443,UC-Irvine,593,657,.514,0.04,.708,1410
,428,13,2163,387,185,716,-8.14,617,312,.402,95,.310,190,UC Riverside,43,3,1780,31,407,2024,1089,UC-Riverside,579,597,.290,-1.18,.703,1245
,337,6,2211,481,257,877,2.50,536,326,.464,118,.381,154,UC Santa Barbara,44,9,1891,32,414,2425,1176,UC-Santa Barbara,594,674,.719,-2.97,.697,1285
,470,8,2483,313,148,767,-2.88,648,426,.406,154,.286,220,California,45,3,1887,32,484,2166,1139,University of California,717,518,.250,6.57,.675,1285
,376,10,2191,445,283,813,-6.20,533,217,.476,123,.385,205,Campbell,46,4,1708,31,442,2351,1004,Campbell,594,735,.516,-6.98,.744,1250
,420,8,2266,542,297,878,0.78,602,327,.467,93,.351,218,Canisius,47,8,1880,32,388,2441,1073,Canisius,545,845,.656,-4.69,.712,1280
,453,11,2596,532,273,921,-5.17,658,333,.455,166,.363,220,Central Ark.,48,7,2025,33,553,2668,1193,Central Arkansas,751,753,.515,-5.92,.736,1340
,473,14,2300,396,198,788,-11.25,549,321,.453,107,.329,161,Central Conn. St.,49,6,1740,32,397,2171,1130,Central Connecticut State,568,601,.438,-7.22,.699,1305
,431,6,1975,339,177,690,5.17,488,305,.424,111,.329,169,UCF,50,5,1627,32,450,2007,1108,Central Florida,702,538,.594,4.17,.641,1285
,397,8,2483,456,329,894,-0.93,550,382,.434,116,.340,218,Central Mich.,51,4,2062,34,549,2666,1241,Central Michigan,681,968,.588,-3.19,.806,1385
,408,10,2133,368,208,802,-8.20,517,345,.447,106,.330,224,Charleston So.,52,6,1793,31,420,2232,1071,Charleston Southern,581,631,.484,-6.20,.723,1260
,428,12,2317,319,198,706,-10.44,524,269,.432,65,.352,165,Charlotte,53,2,1634,29,456,2066,990,Charlotte,637,563,.207,-0.04,.716,1165
,461,14,2424,421,276,784,-10.90,507,306,.435,67,.355,166,Chattanooga,54,1,1804,33,445,2289,1069,Chattanooga,626,777,.303,-3.87,.711,1345
,483,19,2756,367,169,774,-21.28,697,323,.408,81,.308,232,Chicago St.,55,0,1896,32,454,2171,1041,Chicago State,627,549,.094,1.42,.724,1280
,389,2,1943,543,248,893,20.87,535,444,.453,188,.357,248,Cincinnati,56,9,1972,34,498,2532,1323,Cincinnati NCAA,725,695,.882,3.54,.687,1360
,477,12,2819,528,386,889,-13.51,586,374,.414,99,.341,301,The Citadel,57,3,2148,32,475,2639,1183,Citadel,673,1133,.344,-2.82,.706,1290
,387,6,2106,422,266,809,16.51,512,286,.453,155,.366,182,Clemson,58,4,1786,32,461,2345,1136,Clemson NCAA,609,726,.719,9.04,.757,1290
,458,15,2613,456,294,853,-10.77,595,270,.435,90,.341,231,Cleveland St.,59,2,1963,35,402,2402,1063,Cleveland State,572,863,.343,-3.59,.703,1410
,479,7,2241,418,218,787,-3.63,608,388,.434,116,.330,171,Coastal Caro.,60,5,1813,32,506,2298,1243,Coastal Carolina,702,660,.438,-2.11,.721,1290
,352,10,2243,414,299,809,-4.88,518,287,.441,106,.362,196,Colgate,61,6,1833,32,409,2326,1048,Colgate,532,827,.594,-5.91,.769,1280
,318,6,2269,377,254,852,1.62,540,280,.460,119,.363,171,Col. of Charleston,62,7,1854,33,520,2478,1089,College of Charleston NCAA,685,699,.788,-3.80,.759,1345
,426,10,2537,409,225,811,-3.57,624,375,.418,102,.329,190,Colorado St.,63,3,1941,32,467,2314,1200,Colorado State,651,684,.344,4.08,.717,1295
,451,10,2337,409,241,810,6.55,619,324,.440,122,.358,140,Colorado,64,1,1840,32,446,2307,1198,Colorado,612,673,.531,7.49,.729,1295
,338,14,2085,384,269,746,-5.56,504,277,.442,93,.367,177,Columbia,65,1,1686,27,301,2062,962,Columbia,407,733,.296,-2.94,.740,1090
,403,9,2340,334,215,762,1.48,592,324,.416,119,.326,190,UConn,66,2,1832,32,442,2181,1096,Connecticut,593,659,.438,6.45,.745,1300
,462,20,2384,338,265,657,-20.77,649,273,.360,82,.305,172,Coppin St.,67,1,1825,32,366,1945,1082,Coppin State,495,870,.156,-7.05,.739,1305
,376,11,2250,449,217,744,-8.66,498,232,.461,97,.340,144,Cornell,68,4,1613,28,419,2124,961,Cornell,574,639,.429,-3.11,.730,1150
,358,7,2375,576,334,985,16.89,480,232,.497,85,.376,181,Creighton,69,4,1982,32,393,2697,1161,Creighton NCAA,526,889,.656,8.05,.747,1290
,365,14,1970,357,200,651,-10.16,421,208,.448,87,.359,152,Dartmouth,70,1,1454,27,339,1841,849,Dartmouth,475,557,.259,-3.85,.714,1085
,306,8,2162,539,342,875,11.24,481,218,.483,63,.391,153,Davidson,71,6,1813,32,354,2446,1050,Davidson NCAA,444,874,.656,2.37,.797,1295
,425,10,2277,488,248,804,1.85,510,240,.481,78,.337,162,Dayton,72,1,1671,31,388,2244,965,Dayton,531,736,.452,2.91,.731,1260
,489,18,2458,348,192,742,-24.45,560,337,.417,83,.325,189,Delaware St.,73,0,1781,32,358,2034,1066,Delaware State,516,591,.125,-9.19,.694,1300
,354,10,2428,386,192,859,-6.86,554,314,.457,75,.329,164,Delaware,74,4,1880,33,428,2338,1150,Delaware,657,584,.424,-2.89,.651,1330
,451,9,2189,452,211,803,-4.87,561,311,.472,72,.400,129,Denver,75,3,1700,30,375,2192,1108,Denver,540,527,.500,-2.19,.694,1220
,430,7,2289,465,194,819,6.64,553,383,.428,94,.310,200,DePaul,76,4,1912,31,398,2230,1160,DePaul,562,626,.355,8.55,.708,1245
,435,11,2743,437,281,883,-12.45,648,334,.435,88,.345,212,Detroit Mercy,77,2,2031,32,469,2516,1114,Detroit Mercy,621,815,.250,-2.05,.755,1285
,396,10,2414,493,284,837,-0.27,509,264,.438,84,.366,199,Drake,78,4,1913,33,476,2434,1115,Drake,615,777,.515,0.57,.774,1350
,409,11,2591,380,227,880,-7.09,583,369,.441,138,.325,176,Drexel,79,2,1994,33,467,2454,1197,Drexel,646,699,.394,-2.37,.723,1340
,416,5,2297,578,274,1008,25.00,515,447,.493,177,.378,248,Duke,80,6,2044,33,505,2795,1379,Duke NCAA,713,725,.788,9.91,.708,1325
,383,7,2245,382,261,801,-0.85,598,387,.427,140,.350,186,Duquesne,81,2,1874,32,454,2317,1149,Duquesne,663,745,.500,-3.10,.685,1310
,431,8,2248,388,182,741,-8.45,530,292,.430,93,.305,148,East Carolina,82,2,1723,30,329,1993,1015,East Carolina,494,597,.333,0.05,.666,1215
,454,4,2241,500,244,926,3.95,613,352,.473,146,.343,265,ETSU,83,11,1957,34,460,2556,1265,East Tennessee State,648,711,.735,-3.86,.710,1360
,417,12,2120,392,224,732,-8.17,509,331,.424,138,.357,182,Eastern Ill.,84,4,1726,31,377,2065,1064,Eastern Illinois,551,627,.387,-3.24,.684,1245
,401,12,2371,405,226,778,-10.46,542,290,.437,113,.354,193,Eastern Ky.,85,5,1779,31,448,2230,1023,Eastern Kentucky,600,638,.355,-3.56,.747,1245
,422,8,2205,420,213,874,-0.12,532,331,.467,207,.334,290,Eastern Mich.,86,7,1872,33,403,2364,1143,Eastern Michigan,581,637,.636,-2.50,.694,1335
,391,11,2433,431,305,911,0.78,647,249,.468,103,.381,176,Eastern Wash.,87,6,1947,34,427,2554,1136,Eastern Washington,558,801,.588,-1.47,.765,1370
,373,12,2437,507,337,842,-6.84,494,256,.439,66,.349,140,Elon,88,4,1916,32,325,2346,1140,Elon,457,966,.438,-1.64,.711,1320
,431,10,2045,409,184,730,0.72,568,240,.442,92,.410,190,Evansville,89,2,1652,32,450,2094,1057,Evansville,581,449,.531,1.38,.775,1285
,421,10,2549,487,303,881,-4.69,663,301,.439,95,.339,211,Fairfield,90,3,2009,33,441,2506,1159,Fairfield,621,893,.515,-3.39,.710,1345
,426,13,2350,416,213,842,-10.03,561,339,.451,100,.342,220,Fairleigh Dickinson,91,5,1868,31,416,2313,1067,Fairleigh Dickinson,573,623,.419,-5.27,.726,1240
,471,20,2684,370,217,831,-18.96,612,344,.419,104,.352,194,Florida A&M,92,2,1981,34,464,2343,1094,Florida A&M,641,616,.265,-8.08,.724,1385
,393,10,2172,376,179,790,-5.73,556,357,.410,124,.325,182,Fla. Atlantic,93,4,1928,31,396,2155,1194,Florida Atlantic,537,550,.387,-0.51,.737,1245
,476,5,2435,524,244,1022,2.11,622,361,.497,95,.363,248,FGCU,94,9,2057,34,491,2779,1301,Florida Gulf Coast,662,672,.676,-5.89,.742,1360
,354,9,2278,387,203,815,-4.67,585,321,.426,102,.321,242,FIU,95,3,1913,32,429,2262,1151,Florida International,704,632,.438,-2.36,.609,1310
,403,7,2309,473,248,906,14.97,566,363,.474,160,.351,208,Florida St.,96,4,1912,31,473,2535,1179,Florida State NCAA,691,706,.645,7.68,.685,1260
,315,4,2222,415,292,841,16.81,552,345,.434,151,.375,219,Florida,97,5,1937,32,460,2434,1124,Florida NCAA,640,778,.625,10.19,.719,1295
,386,10,2179,419,227,692,-6.54,491,198,.412,74,.288,283,Fordham,98,1,1680,31,320,1931,884,Fordham,452,787,.290,1.46,.708,1250
,384,5,2201,415,216,885,8.48,626,293,.490,104,.394,217,Fresno St.,99,8,1805,32,473,2459,1082,Fresno State,682,548,.656,2.14,.694,1295
,382,6,2260,526,338,942,4.63,531,316,.470,72,.356,265,Furman,100,7,2006,33,397,2619,1157,Furman,557,950,.697,-3.44,.713,1325
,437,13,2307,415,236,822,-9.62,568,297,.444,92,.349,195,Gardner-Webb,101,3,1850,32,378,2258,1141,Gardner-Webb,526,676,.438,-3.72,.719,1300
,425,7,2497,377,230,841,-2.77,541,329,.432,96,.326,200,George Mason,102,5,1949,33,459,2371,1213,George Mason,619,705,.485,1.05,.742,1345
,419,10,2319,440,180,832,-0.54,486,350,.447,163,.321,189,George Washington,103,1,1861,33,381,2225,1120,George Washington,537,561,.455,2.31,.709,1320
,458,6,2294,522,226,800,7.11,531,325,.454,110,.366,164,Georgetown,104,4,1763,30,524,2350,1151,Georgetown,676,618,.500,5.24,.775,1235
,372,7,2315,333,267,857,-0.26,633,402,.430,120,.341,227,Ga. Southern,105,8,1992,33,523,2504,1247,Georgia Southern,787,784,.636,-3.00,.665,1325
,386,6,2288,452,315,916,3.43,624,298,.463,155,.388,250,Georgia St.,106,9,1980,34,414,2561,1156,Georgia State NCAA,612,812,.706,-3.23,.676,1375
,411,10,2172,409,156,753,5.53,533,334,.425,171,.318,221,Georgia Tech,107,1,1770,32,439,2101,1084,Georgia Tech,616,490,.406,7.75,.713,1285
,420,9,2202,402,201,767,10.69,533,406,.420,156,.318,126,Georgia,108,4,1826,33,512,2247,1301,Georgia,732,632,.545,9.33,.699,1340
,384,1,2282,535,309,1049,19.48,579,376,.503,126,.374,219,Gonzaga,109,10,2085,34,466,2873,1357,Gonzaga NCAA,645,826,.882,2.10,.722,1380
,477,10,2321,342,154,777,-12.83,674,377,.420,113,.328,239,Grambling,110,11,1852,31,547,2257,1193,Grambling,769,470,.548,-10.17,.711,1250
,442,7,2135,522,244,827,4.41,668,393,.428,129,.324,205,Grand Canyon,111,3,1931,33,541,2439,1273,Grand Canyon,770,753,.667,-4.59,.703,1330
,453,13,2499,459,295,859,-8.54,635,334,.424,100,.363,226,Green Bay,112,2,2027,33,504,2517,1241,Green Bay,670,813,.394,-4.11,.752,1330
,440,10,2557,515,194,964,-8.58,676,375,.453,124,.319,186,Hampton,113,5,2130,34,575,2697,1357,Hampton,744,609,.559,-10.00,.773,1370
,402,5,2318,433,270,835,-5.43,601,274,.454,123,.345,200,Hartford,114,9,1840,33,386,2326,1100,Hartford,569,783,.576,-5.15,.678,1325
,423,10,2062,395,250,742,-0.30,555,271,.431,117,.353,162,Harvard,115,6,1722,31,388,2122,1080,Harvard,495,709,.581,-2.00,.784,1265
,402,5,2071,428,202,721,-2.04,584,267,.443,59,.330,169,Hawaii,116,4,1629,30,460,2104,995,Hawaii,670,613,.567,-2.22,.687,1215
,375,11,1993,353,163,775,-6.77,545,322,.459,82,.357,222,High Point,117,3,1690,30,413,2126,1039,High Point,588,456,.467,-6.40,.702,1205
,334,4,2397,413,260,868,-0.46,576,339,.465,83,.375,156,Hofstra,118,9,1868,31,468,2464,1103,Hofstra,686,693,.613,-1.53,.682,1245
,381,10,2099,418,203,724,-9.81,537,178,.462,105,.326,194,Holy Cross,119,6,1568,31,321,1972,880,Holy Cross,465,623,.387,-5.71,.690,1250
,438,16,2617,426,219,860,-15.84,605,471,.418,89,.323,206,Houston Baptist,120,1,2058,31,443,2382,1219,Houston Baptist,710,677,.194,-3.66,.624,1250
,401,5,2142,492,285,910,16.39,693,391,.466,103,.387,212,Houston,121,6,1953,33,450,2555,1271,Houston NCAA,628,737,.788,3.87,.717,1320
,442,18,2654,406,268,847,-17.03,676,369,.424,93,.347,178,Howard,122,2,1997,33,487,2449,1154,Howard,688,772,.303,-9.51,.708,1345
,408,10,2232,354,252,778,-5.48,525,202,.475,72,.396,169,Idaho St.,123,5,1639,30,403,2211,962,Idaho State,594,637,.467,-3.41,.678,1200
,411,4,2134,459,277,819,1.11,553,307,.469,80,.409,134,Idaho,124,9,1748,31,415,2330,1138,Idaho,565,678,.710,-3.65,.735,1245
,484,7,2328,407,211,843,-4.20,609,335,.450,224,.344,218,Ill.-Chicago,125,7,1874,32,506,2403,1230,Illinois-Chicago,695,613,.531,-4.46,.728,1285
,438,10,2418,468,301,813,1.05,677,315,.424,131,.340,216,Illinois St.,126,3,1917,33,437,2364,1171,Illinois State,640,884,.545,3.65,.683,1350
,425,10,2362,442,236,856,8.78,720,398,.439,69,.335,240,Illinois,127,1,1949,32,478,2426,1053,Illinois,653,705,.438,7.82,.732,1295
,442,12,2163,311,166,671,-17.39,521,279,.428,143,.337,170,Incarnate Word,128,1,1566,28,470,1978,976,Incarnate Word,631,493,.250,-4.73,.745,1120
,445,7,2253,360,270,762,1.44,614,321,.423,105,.361,233,Indiana St.,129,5,1803,31,454,2248,1124,Indiana State,644,748,.419,2.33,.705,1275
,386,8,2178,435,194,806,10.20,561,345,.456,134,.322,198,Indiana,130,3,1767,31,423,2229,1099,Indiana,644,602,.516,8.55,.657,1255
,385,8,2513,526,319,931,0.95,571,282,.462,101,.388,224,Iona,131,7,2016,33,452,2635,1117,Iona NCAA,612,822,.606,-2.74,.739,1345
,369,10,2339,423,234,817,7.28,508,338,.437,129,.358,149,Iowa St.,132,0,1870,31,390,2258,1134,Iowa State,557,653,.419,9.90,.700,1250
,441,10,2597,602,252,946,8.35,548,391,.479,133,.375,172,Iowa,133,1,1975,33,486,2630,1258,Iowa,699,672,.424,7.35,.695,1330
,391,10,2535,486,339,953,-1.24,539,315,.459,110,.366,264,Fort Wayne,134,4,2074,33,471,2716,1155,IPFW,653,927,.545,-3.00,.721,1325
,427,14,2180,385,213,731,-9.80,562,347,.424,103,.355,205,IUPUI,135,2,1723,30,372,2047,1022,IUPUI,559,600,.367,-3.51,.665,1205
,368,17,2161,351,238,714,-17.51,651,401,.371,89,.329,235,Jackson St.,136,2,1922,32,325,1991,1087,Jackson State,497,724,.375,-10.34,.654,1295
,424,7,2142,510,191,879,-0.05,575,374,.460,167,.327,198,Jacksonville St.,137,7,1910,33,410,2359,1257,Jacksonville State,591,584,.636,-5.02,.694,1325
,472,12,2482,415,202,897,-13.25,536,330,.450,112,.336,226,Jacksonville,138,3,1993,33,409,2405,1180,Jacksonville,621,601,.455,-5.98,.659,1345
,383,11,2414,388,231,812,-5.45,670,361,.420,104,.332,228,James Madison,139,3,1932,32,486,2341,1147,James Madison,667,695,.313,-2.13,.729,1310
,379,5,2240,473,229,854,13.44,607,269,.472,99,.344,256,Kansas St.,140,6,1809,33,451,2388,1010,Kansas State NCAA,608,665,.667,8.95,.742,1325
,397,3,2412,578,345,1024,22.01,519,325,.498,142,.403,225,Kansas,141,8,2058,34,378,2771,1197,Kansas NCAA,539,857,.794,11.45,.701,1360
,407,14,2328,442,160,805,-11.02,539,306,.455,94,.365,214,Kennesaw St.,142,2,1768,30,412,2182,986,Kennesaw State,597,438,.333,-4.17,.690,1205
,442,11,2502,393,255,871,-3.58,638,390,.426,122,.326,201,Kent St.,143,2,2046,34,485,2482,1221,Kent State,666,782,.500,-1.61,.728,1370
,442,6,2390,455,185,920,17.59,642,411,.470,166,.361,191,Kentucky,144,4,1958,34,584,2609,1315,Kentucky NCAA,838,513,.706,11.15,.697,1365
,374,10,2360,410,234,817,1.88,546,292,.429,90,.329,189,La Salle,145,2,1906,32,465,2333,1124,La Salle,591,711,.406,2.72,.787,1315
,411,14,2307,386,263,777,-9.70,515,210,.455,103,.371,131,Lafayette,146,2,1709,31,390,2207,1026,Lafayette,507,708,.323,-5.97,.769,1245
,420,6,2220,442,249,847,-4.81,628,414,.432,75,.343,280,Lamar University,147,8,1959,32,488,2431,1204,Lamar,739,725,.594,-7.17,.660,1300
,380,8,2333,428,293,835,-6.19,553,269,.453,53,.406,184,Lehigh,148,7,1845,30,373,2336,1074,Lehigh,480,721,.533,-5.43,.777,1230
,418,6,2215,487,284,847,-2.62,588,253,.463,87,.375,209,Liberty,149,7,1831,35,508,2486,1171,Liberty,642,758,.600,-6.49,.791,1430
,480,7,2480,503,260,901,-2.02,638,340,.456,100,.331,207,Lipscomb,150,10,1976,32,580,2642,1247,Lipscomb NCAA,811,785,.719,-4.40,.715,1300
,501,10,2586,419,196,866,-3.32,592,382,.452,119,.351,218,Long Beach St.,151,6,1917,33,557,2485,1195,Long Beach State,765,558,.455,1.33,.728,1330
,481,11,2603,429,272,916,-8.10,668,363,.457,111,.345,191,LIU Brooklyn,152,5,2005,34,531,2635,1295,Long Island University NCAA,763,789,.529,-7.98,.696,1365
,516,13,2445,327,226,728,-18.27,575,263,.413,102,.327,218,Longwood,153,2,1764,33,406,2088,1070,Longwood,591,691,.212,-4.27,.687,1320
,439,3,2324,582,290,944,8.00,621,414,.468,143,.367,250,Louisiana,154,10,2019,33,575,2753,1285,Louisiana,756,790,.818,-2.71,.761,1325
,363,10,2107,436,282,786,-5.57,514,289,.434,40,.363,200,La.-Monroe,155,3,1809,31,315,2169,1047,Louisiana-Monroe,439,776,.516,-2.99,.718,1250
,357,7,2292,442,256,861,11.91,551,303,.475,100,.353,238,LSU,156,3,1812,31,426,2404,1040,Louisiana State,582,726,.548,8.30,.732,1245
,405,10,2331,470,287,838,1.03,569,314,.446,131,.375,196,Louisiana Tech,157,2,1877,33,505,2468,1137,Louisiana Tech,697,765,.515,-0.42,.725,1325
,392,7,2328,451,256,897,15.13,543,333,.456,201,.371,231,Louisville,158,4,1967,33,465,2515,1215,Louisville,631,690,.606,9.46,.737,1340
,404,4,2054,519,246,869,9.37,456,209,.507,82,.398,219,Loyola Chicago,159,9,1714,33,406,2390,1067,Loyola (IL) NCAA,561,618,.848,-0.29,.724,1320
,407,12,2369,441,199,803,-3.86,607,377,.442,72,.347,216,Loyola Marymount,160,3,1815,31,421,2226,1016,Loyola Marymount,593,573,.355,1.60,.710,1250
,414,16,2326,360,163,797,-12.66,614,332,.438,97,.320,218,Loyola Maryland,161,1,1820,31,397,2154,1076,Loyola (MD),608,509,.290,-5.19,.653,1255
,496,16,2408,375,225,765,-14.55,624,304,.409,93,.303,205,Maine,162,2,1871,32,385,2140,1129,Maine,560,743,.188,-3.19,.688,1295
,482,8,2175,433,239,737,-4.80,616,319,.444,121,.400,186,Manhattan,163,5,1661,31,434,2147,1030,Manhattan,625,598,.452,-3.90,.694,1260
,488,10,2515,369,280,761,-12.20,547,233,.445,77,.349,130,Marist,164,2,1710,31,437,2239,1041,Marist,612,802,.194,-3.30,.714,1260
,386,5,2511,504,354,906,12.64,610,287,.474,116,.415,197,Marquette,165,5,1913,32,432,2598,1029,Marquette,543,853,.594,9.92,.796,1295
,449,8,2680,585,341,992,3.61,586,274,.469,198,.354,233,Marshall,166,6,2115,34,540,2865,1232,Marshall NCAA,704,964,.706,-0.91,.767,1375
,411,7,2362,525,346,886,-3.52,562,338,.445,85,.387,256,UMBC,167,9,1993,34,395,2513,1184,Maryland-Baltimore County NCAA,609,894,.706,-5.04,.649,1360
,417,18,2473,347,206,710,-24.40,548,347,.385,57,.284,151,UMES,168,0,1844,32,366,1992,1065,Maryland-Eastern Shore,542,725,.219,-7.34,.675,1280
,438,8,2140,452,229,811,13.91,511,305,.478,137,.371,138,Maryland,169,2,1696,32,487,2338,1149,Maryland,645,617,.594,8.07,.755,1285
,405,11,2356,435,215,791,-9.50,538,282,.460,86,.346,209,UMass Lowell,170,3,1719,30,489,2286,970,Massachusetts-Lowell,690,621,.400,-5.74,.709,1205
,422,11,2465,505,293,861,-1.43,595,300,.449,98,.400,159,Massachusetts,171,1,1918,33,359,2374,1081,Massachusetts,481,732,.394,1.33,.746,1350
,416,12,2209,327,205,780,-11.82,505,339,.436,133,.343,156,McNeese,172,5,1787,29,419,2184,1144,McNeese State,590,597,.414,-5.86,.710,1170
,467,5,2420,442,201,828,2.19,583,391,.452,128,.317,202,Memphis,173,5,1832,34,551,2408,1165,Memphis,798,634,.618,2.54,.690,1380
,397,8,2204,470,273,827,-0.06,539,308,.476,53,.387,176,Mercer,174,6,1736,32,489,2416,1107,Mercer,647,705,.563,-3.66,.756,1300
,351,4,2109,413,243,850,13.27,505,309,.464,123,.363,203,Miami (FL),175,8,1832,31,354,2299,1080,Miami (FL) NCAA,534,669,.710,7.14,.663,1250
,442,10,2307,440,288,853,-3.01,555,330,.438,86,.338,252,Miami (OH),176,6,1947,33,368,2362,1209,Miami (OH),539,852,.485,-0.85,.683,1350
,435,1,2138,638,277,943,23.46,596,365,.504,243,.413,135,Michigan St.,177,8,1872,33,509,2672,1348,Michigan State NCAA,678,671,.879,7.28,.751,1325
,320,5,2224,518,320,943,18.90,545,300,.471,111,.369,219,Michigan,178,6,2003,35,400,2606,1167,Michigan NCAA,607,868,.800,8.78,.659,1415
,385,1,2040,437,226,838,9.79,613,333,.465,69,.369,194,Middle Tenn.,179,12,1803,31,418,2320,1121,Middle Tennessee,563,612,.774,2.19,.742,1250
,412,9,2260,429,235,834,-4.25,545,289,.446,125,.334,196,Milwaukee,180,6,1872,33,356,2259,1146,Milwaukee,528,704,.485,-4.35,.674,1330
,352,9,2402,467,218,850,7.30,492,371,.431,163,.346,181,Minnesota,181,2,1971,32,487,2405,1221,Minnesota,692,630,.469,7.20,.704,1295
,436,8,2240,430,226,896,11.36,557,349,.466,178,.311,222,Mississippi St.,182,2,1924,33,415,2433,1191,Mississippi State,604,726,.667,6.36,.687,1330
,421,21,2500,327,171,757,-21.28,658,393,.383,55,.301,186,Mississippi Val.,183,1,1977,32,388,2075,1136,Mississippi Valley State,575,568,.125,-8.00,.675,1300
,365,10,2500,468,251,841,7.22,609,393,.421,131,.319,200,Ole Miss,184,1,1999,32,493,2426,1214,Mississippi,675,788,.375,9.53,.730,1300
,411,11,2447,354,284,756,-9.84,681,259,.407,81,.336,202,UMKC,185,3,1859,32,455,2251,1018,Missouri-Kansas City,640,845,.313,-0.67,.711,1285
,382,8,2197,425,234,851,3.08,575,389,.436,134,.331,153,Missouri St.,186,4,1952,33,377,2313,1276,Missouri State,527,707,.545,0.45,.715,1325
,453,6,2179,435,298,778,14.55,573,327,.453,136,.385,165,Missouri,187,5,1716,32,491,2345,1189,Missouri NCAA,667,775,.625,9.35,.736,1290
,473,12,2372,399,223,787,-2.13,675,276,.458,73,.389,197,Monmouth,188,4,1718,31,539,2336,1115,Monmouth,758,574,.355,-0.97,.711,1280
,399,12,2524,401,257,817,-8.44,645,357,.424,66,.352,176,Montana St.,189,3,1929,32,543,2434,1167,Montana State,746,731,.406,-3.28,.728,1295
,410,6,2268,421,183,926,6.58,695,392,.471,112,.343,256,Montana,190,8,1965,33,543,2578,1225,Montana NCAA,769,534,.788,-2.68,.706,1340
,456,15,2204,344,204,712,-10.49,598,338,.430,86,.323,165,Morehead St.,191,1,1655,29,415,2043,1041,Morehead State,592,631,.276,-1.75,.701,1165
,444,15,2395,395,163,799,-15.41,649,424,.416,89,.331,226,Morgan St.,192,3,1921,32,550,2311,1207,Morgan State,761,492,.406,-11.71,.723,1300
,351,11,2301,447,323,809,-7.76,492,212,.455,125,.379,221,Mt. St. Mary's,193,6,1778,32,390,2331,918,Mount St. Mary's,532,853,.563,-7.66,.733,1295
,368,3,2032,459,264,849,7.19,537,327,.485,98,.379,211,Murray St.,194,10,1752,31,485,2447,1150,Murray State NCAA,664,696,.839,-4.16,.730,1240
,453,6,2125,450,206,771,-6.80,553,342,.444,41,.332,206,Navy,195,9,1736,32,451,2199,1113,Navy,627,621,.625,-7.09,.719,1285
,409,15,2588,405,254,877,-9.48,498,281,.459,83,.366,177,Omaha,196,1,1912,31,365,2373,1044,Nebraska-Omaha,517,694,.290,0.73,.706,1260
,357,7,2199,436,226,797,11.34,547,345,.433,179,.349,194,Nebraska,197,4,1841,32,507,2327,1161,Nebraska,707,648,.688,7.34,.717,1285
,473,6,2577,535,185,978,7.47,580,393,.489,146,.334,184,UNLV,198,5,2000,33,612,2753,1333,Nevada-Las Vegas,868,554,.606,2.13,.705,1345
,338,3,2478,559,330,963,14.57,586,320,.468,139,.398,213,Nevada,199,11,2056,34,569,2825,1225,Nevada NCAA,762,830,.794,4.36,.747,1375
,362,12,2085,369,252,725,-8.30,555,352,.402,56,.325,111,New Hampshire,200,2,1803,31,401,2103,1189,New Hampshire,544,776,.323,-4.23,.737,1240
,418,3,2104,467,249,939,9.50,591,419,.460,101,.333,186,New Mexico St.,201,8,2042,33,377,2504,1368,New Mexico State NCAA,586,748,.848,-1.37,.643,1325
,422,8,2641,539,367,939,6.11,696,315,.455,96,.375,251,New Mexico,202,4,2065,34,550,2795,1073,New Mexico,708,979,.559,3.60,.777,1365
,477,12,2177,450,147,758,-8.91,586,351,.452,109,.354,226,New Orleans,203,5,1678,31,488,2151,1063,New Orleans,719,415,.484,-5.41,.679,1245
,360,6,2686,386,269,918,-4.17,570,378,.448,139,.365,161,Niagara,204,10,2050,32,578,2683,1245,Niagara,793,737,.594,-4.08,.729,1290
,490,7,2411,474,260,941,-3.35,712,353,.472,126,.357,307,Nicholls St.,205,9,1994,32,499,2641,1189,Nicholls State,696,729,.656,-5.67,.717,1280
,399,9,2197,417,236,808,-7.09,556,331,.448,97,.361,246,NJIT,206,4,1803,30,396,2248,1063,NJIT,579,653,.467,-5.38,.684,1210
,507,11,2417,450,254,858,-12.71,693,411,.431,114,.359,206,Norfolk St.,207,5,1992,33,429,2399,1270,Norfolk State,639,707,.424,-9.91,.671,1325
,451,9,2396,503,263,877,-4.28,610,270,.470,109,.391,241,UNC Asheville,208,7,1865,33,442,2459,1112,North Carolina-Asheville,597,672,.636,-4.09,.740,1335
,482,12,2605,534,213,929,-12.37,629,344,.462,80,.301,212,N.C. A&T,209,5,2010,35,552,2623,1252,North Carolina A&T,776,707,.571,-11.01,.711,1415
,480,13,2361,535,212,928,-12.63,632,393,.466,115,.339,174,N.C. Central,210,3,1991,34,406,2474,1293,North Carolina Central NCAA,591,626,.559,-12.31,.687,1365
,468,6,2121,480,328,896,4.49,628,404,.447,131,.359,263,UNCG,211,8,2006,34,378,2498,1262,North Carolina-Greensboro NCAA,539,914,.794,-4.32,.701,1390
,390,5,2383,517,252,937,13.49,579,390,.470,122,.372,240,North Carolina St.,212,4,1993,32,473,2599,1142,North Carolina State NCAA,675,677,.656,6.74,.701,1285
,414,11,2668,487,244,920,-7.47,586,441,.436,67,.346,164,UNCW,213,2,2109,32,458,2542,1310,North Carolina-Wilmington,664,705,.344,-1.11,.690,1305
,422,5,2559,637,290,1048,21.29,550,492,.460,147,.364,197,North Carolina,214,6,2279,35,483,2869,1487,North Carolina NCAA,652,796,.714,12.44,.741,1405
,402,10,2264,422,294,837,-1.54,556,231,.469,76,.378,145,North Dakota St.,215,5,1783,32,414,2382,1102,North Dakota State,544,778,.469,-1.26,.761,1285
,417,13,2612,409,233,863,-7.33,605,225,.459,58,.340,253,North Dakota,216,2,1879,32,468,2427,983,North Dakota,663,685,.375,0.10,.706,1305
,478,17,2873,490,357,939,-11.19,505,313,.456,126,.378,173,North Florida,217,4,2058,33,433,2668,1161,North Florida,570,945,.424,-1.52,.760,1325
,433,10,2287,394,250,840,-1.65,619,359,.447,87,.351,156,North Texas,218,5,1881,32,403,2333,1198,North Texas,623,712,.469,-0.89,.647,1300
,450,5,2270,523,302,859,3.72,575,258,.484,82,.376,220,Northeastern,219,9,1776,33,452,2472,1084,Northeastern,617,804,.697,-1.53,.733,1335
,497,14,2512,314,178,698,-14.29,632,313,.399,100,.305,180,Northern Ariz.,220,3,1750,32,526,2100,1074,Northern Arizona,750,584,.156,-0.65,.701,1290
,417,8,2478,407,294,982,3.17,649,336,.467,122,.356,171,Northern Colo.,221,6,2104,34,480,2738,1281,Northern Colorado,691,825,.647,-2.05,.695,1375
,378,13,2407,295,169,849,-6.63,593,314,.456,58,.330,213,Northern Ill.,222,1,1860,32,452,2319,1102,Northern Illinois,622,512,.406,-1.63,.727,1285
,364,9,1990,345,229,720,4.03,481,263,.420,80,.335,166,UNI,223,1,1714,32,387,2056,1109,Northern Iowa,537,684,.500,3.90,.721,1285
,385,5,2046,510,253,876,4.72,567,297,.480,102,.348,228,Northern Ky.,224,8,1825,31,423,2428,1133,Northern Kentucky,577,728,.710,-4.76,.733,1240
,496,13,2264,279,125,692,-20.70,573,359,.412,122,.279,180,Northwestern St.,225,3,1678,29,359,1868,1035,Northwestern State,588,448,.138,-3.86,.611,1160
,374,9,2127,447,255,773,9.83,605,320,.426,136,.354,156,Northwestern,226,3,1813,32,402,2203,1059,Northwestern,538,720,.469,8.57,.747,1290
,336,7,2335,489,289,889,14.40,439,354,.446,121,.366,196,Notre Dame,227,5,1992,34,484,2551,1229,Notre Dame,640,789,.588,8.67,.756,1375
,434,8,2516,553,275,884,-1.84,540,326,.450,165,.352,200,Oakland,228,7,1966,33,537,2580,1202,Oakland,697,782,.576,-3.78,.770,1330
,378,2,2134,472,216,894,18.10,556,309,.485,127,.353,193,Ohio St.,229,6,1842,32,422,2426,1174,Ohio State NCAA,581,612,.750,8.97,.726,1295
,412,10,2353,443,244,839,-2.44,500,257,.443,102,.369,207,Ohio,230,2,1893,31,412,2334,1126,Ohio,578,661,.452,-1.57,.713,1280
,440,7,2412,466,271,885,13.04,635,415,.437,133,.346,218,Oklahoma St.,231,3,2023,33,481,2522,1221,Oklahoma State,631,783,.576,9.70,.762,1330
,414,9,2531,467,296,925,14.41,533,321,.464,146,.363,204,Oklahoma,232,2,1993,31,494,2640,1175,Oklahoma NCAA,660,815,.581,10.90,.748,1250
,332,3,2010,483,228,844,8.96,509,373,.447,139,.357,239,Old Dominion,233,10,1888,32,431,2347,1207,Old Dominion,623,639,.781,-1.57,.692,1290
,411,14,2484,453,220,879,-6.32,565,440,.437,112,.343,174,Oral Roberts,234,3,2010,32,354,2332,1226,Oral Roberts,517,641,.344,1.39,.685,1310
,424,9,2251,475,192,830,7.79,642,332,.467,116,.329,212,Oregon St.,235,1,1779,32,487,2339,1119,Oregon State,688,583,.500,5.04,.708,1300
,404,6,2419,517,306,924,11.25,674,355,.452,147,.352,232,Oregon,236,4,2045,34,472,2626,1198,Oregon,618,869,.647,5.16,.764,1380
,368,9,2316,395,151,804,-0.06,581,332,.451,129,.329,197,Pacific,237,6,1782,32,521,2280,1086,Pacific,715,459,.438,2.30,.729,1290
,413,7,2275,464,252,925,15.28,599,368,.460,176,.384,253,Penn St.,238,4,2009,34,435,2537,1212,Penn State,625,657,.618,7.57,.696,1370
,379,4,2198,492,280,871,2.25,553,278,.460,89,.349,190,Penn,239,9,1893,32,424,2446,1207,Pennsylvania NCAA,637,802,.750,-3.85,.666,1315
,376,14,2516,449,186,822,-6.04,575,324,.449,69,.343,155,Pepperdine,240,0,1829,32,453,2283,1077,Pepperdine,646,542,.188,2.28,.701,1290
,443,10,2316,398,258,678,-1.56,553,247,.405,112,.325,138,Pittsburgh,241,0,1673,32,371,1985,1007,Pittsburgh,534,795,.250,8.78,.695,1290
,418,5,2631,538,295,1011,0.21,729,478,.445,115,.341,327,Portland St.,242,10,2273,33,516,2833,1270,Portland State,735,864,.606,-0.82,.702,1335
,383,9,2372,387,255,781,-6.08,576,205,.448,127,.383,165,Portland,243,3,1745,32,404,2221,1014,Portland,596,665,.313,2.96,.678,1290
,460,15,2609,439,247,890,-9.99,748,400,.436,103,.328,257,Prairie View,244,5,2043,34,532,2559,1182,Prairie View,793,752,.471,-7.56,.671,1370
,368,13,2273,368,276,749,-14.31,460,290,.426,62,.358,175,Presbyterian,245,2,1760,32,350,2124,1003,Presbyterian,510,772,.344,-5.51,.686,1285
,334,9,2083,367,287,753,-2.28,504,220,.454,90,.374,137,Princeton,246,5,1660,29,313,2106,949,Princeton,443,767,.448,-1.82,.707,1200
,424,7,2471,468,217,872,11.22,601,359,.442,128,.333,233,Providence,247,4,1975,34,545,2506,1221,Providence NCAA,775,651,.618,10.19,.703,1385
,363,2,2232,568,326,958,24.14,528,287,.497,171,.420,198,Purdue,248,8,1928,34,517,2759,1191,Purdue NCAA,696,776,.824,8.64,.743,1365
,446,12,2531,404,303,787,-9.22,566,330,.422,86,.339,182,Quinnipiac,249,3,1864,33,487,2364,1142,Quinnipiac,690,893,.364,-4.16,.706,1355
,413,10,2188,415,263,802,-2.77,556,392,.426,100,.350,214,Radford,250,7,1882,34,423,2290,1175,Radford NCAA,585,752,.647,-4.84,.723,1385
,343,4,2173,489,218,899,12.18,609,361,.459,111,.350,240,Rhode Island,251,7,1957,32,422,2438,1100,Rhode Island NCAA,597,623,.781,3.90,.707,1285
,460,13,2347,378,260,711,-8.93,509,326,.406,66,.318,166,Rice,252,2,1751,31,432,2114,1140,Rice,646,818,.226,-0.34,.669,1250
,373,8,2418,486,222,843,0.02,518,248,.460,77,.334,244,Richmond,253,4,1831,32,389,2297,973,Richmond,544,664,.375,3.80,.715,1295
,412,6,2406,442,237,897,1.34,612,406,.465,105,.361,235,Rider,254,8,1928,31,503,2534,1222,Rider,828,656,.710,-2.79,.607,1245
,489,11,2334,382,242,794,-7.57,662,392,.411,90,.332,256,Robert Morris,255,9,1932,33,442,2272,1176,Robert Morris,663,729,.485,-5.69,.667,1325
,397,9,2204,333,145,830,5.77,583,447,.406,136,.289,240,Rutgers,256,0,2043,34,409,2216,1317,Rutgers,635,501,.441,7.11,.644,1375
,385,12,2358,420,202,800,-8.57,586,266,.444,110,.354,172,Sacramento St.,257,1,1802,32,355,2157,1024,Sacramento State,519,570,.219,-0.40,.684,1285
,460,11,2237,400,179,796,-11.01,571,373,.437,72,.299,149,Sacred Heart,258,4,1823,31,358,2129,1238,Sacred Heart,540,599,.323,-6.61,.663,1245
,347,9,2271,404,243,840,-5.01,483,267,.471,69,.371,203,Saint Francis (PA),259,7,1784,30,466,2389,1016,Saint Francis (PA),612,655,.600,-6.43,.761,1220
,320,9,2311,447,255,826,3.88,497,289,.423,92,.337,203,Saint Joseph's,260,4,1952,32,464,2371,1201,Saint Joseph's,675,756,.500,2.00,.687,1290
,420,7,2157,393,185,731,2.75,596,387,.422,146,.323,198,Saint Louis,261,3,1734,33,523,2170,1188,Saint Louis,802,573,.515,3.10,.652,1325
,321,1,2128,515,255,925,12.97,514,261,.514,90,.404,143,Saint Mary's (CA),262,11,1799,33,435,2540,1103,Saint Mary's (CA),561,631,.848,0.49,.775,1330
,416,12,2113,378,253,740,-4.95,601,292,.420,101,.337,211,Saint Peter's,263,3,1762,32,352,2085,1050,Saint Peter's,488,750,.438,-4.07,.721,1310
,435,9,2247,479,236,824,-5.21,653,400,.427,57,.336,202,Sam Houston St.,264,4,1930,33,462,2346,1229,Sam Houston State,648,703,.576,-5.00,.713,1325
,435,14,2639,530,289,870,-10.86,527,263,.472,76,.374,230,Samford,265,2,1845,32,454,2483,974,Samford,594,773,.313,-3.12,.764,1280
,382,7,2173,477,235,882,12.51,545,355,.461,102,.339,202,San Diego St.,266,5,1913,32,481,2480,1206,San Diego State NCAA,667,693,.688,3.86,.721,1280
,409,6,2114,450,271,750,3.57,664,239,.450,127,.360,170,San Diego,267,8,1668,32,472,2243,1051,San Diego,662,752,.594,0.80,.713,1290
,397,7,2259,435,272,807,2.01,643,335,.425,108,.336,187,San Francisco,268,4,1901,33,380,2266,1153,San Francisco,555,810,.545,2.51,.685,1330
,488,14,2260,385,178,705,-8.42,569,277,.436,69,.367,135,San Jose St.,269,1,1618,30,386,1974,1073,San Jose State,558,485,.133,3.23,.692,1210
,350,5,2224,404,232,718,-6.53,537,243,.429,73,.340,168,Santa Clara,270,5,1674,31,380,2048,887,Santa Clara,524,682,.355,1.09,.725,1245
,448,13,2991,504,391,940,-14.99,608,423,.400,89,.300,301,Savannah St.,271,4,2350,32,483,2754,1222,Savannah State,694,1304,.469,-4.69,.696,1295
,469,10,2376,447,300,848,-1.80,673,353,.446,119,.369,161,Seattle U,272,3,1903,33,503,2499,1252,Seattle,677,813,.606,-2.67,.743,1330
,410,6,2346,506,233,914,15.49,567,385,.469,112,.364,201,Seton Hall,273,5,1950,32,467,2528,1223,Seton Hall NCAA,674,640,.656,9.80,.693,1290
,483,15,2405,355,220,752,-10.19,641,352,.420,104,.367,153,Siena,274,1,1790,32,442,2166,1146,Siena,652,600,.250,-2.72,.678,1325
,479,13,2218,396,252,752,-5.20,612,300,.422,125,.323,171,South Ala.,275,2,1783,32,472,2228,1163,South Alabama,674,779,.438,-2.63,.700,1285
,446,16,2660,353,206,828,-19.91,612,363,.425,77,.335,170,South Carolina St.,276,2,1946,32,493,2355,1105,South Carolina State,706,615,.313,-8.51,.698,1290
,370,17,2723,449,328,881,-17.29,566,335,.431,86,.345,195,USC Upstate,277,0,2045,32,334,2424,1062,South Carolina Upstate,460,952,.219,-4.18,.726,1290
,455,8,2277,423,240,756,9.80,661,415,.398,105,.339,180,South Carolina,278,4,1899,33,561,2313,1228,South Carolina,801,709,.515,9.59,.700,1330
,340,5,2518,459,361,979,7.12,547,302,.470,78,.403,169,South Dakota St.,279,8,2084,34,566,2885,1321,South Dakota State NCAA,745,896,.824,-0.61,.760,1375
,378,5,2314,453,237,991,7.07,571,343,.480,65,.364,234,South Dakota,280,9,2066,34,536,2755,1276,South Dakota,711,651,.765,-2.43,.754,1360
,449,10,2260,379,207,707,-6.99,546,309,.418,76,.361,163,South Fla.,281,3,1691,32,405,2026,1066,South Florida,560,574,.313,0.32,.723,1285
,388,9,2413,423,289,796,-7.94,553,273,.460,54,.392,178,Southeast Mo. St.,282,6,1729,31,474,2355,1005,Southeast Missouri State,650,738,.452,-4.70,.729,1250
,458,6,2268,490,249,848,-5.29,559,351,.457,96,.360,222,Southeastern La.,283,10,1857,33,449,2394,1136,Southeastern Louisiana,684,692,.667,-6.56,.656,1320
,359,5,2386,533,276,953,13.76,541,344,.469,142,.375,217,Southern California,284,6,2034,34,438,2620,1178,Southern California,607,736,.676,6.88,.722,1370
,409,11,2362,373,212,734,-12.23,645,324,.417,82,.324,144,SIUE,285,5,1759,30,410,2090,1024,SIU Edwardsville,580,654,.300,-3.16,.707,1200
,420,8,2280,464,215,839,1.42,588,281,.462,118,.356,247,Southern Ill.,286,5,1817,33,415,2308,1079,Southern Illinois,596,604,.606,0.70,.696,1340
,383,8,2114,474,281,814,9.44,535,365,.444,99,.379,244,SMU,287,2,1835,33,384,2293,1109,Southern Methodist,560,741,.515,4.02,.686,1320
,333,11,2449,500,254,872,-4.62,528,254,.445,59,.339,237,Southern Miss.,288,2,1958,34,403,2401,1035,Southern Mississippi,573,749,.471,0.95,.703,1365
,408,13,2583,374,253,824,-7.27,699,268,.437,98,.358,166,Southern Utah,289,2,1887,32,515,2416,1084,Southern Utah,698,706,.406,-0.50,.738,1290
,435,14,2369,370,177,781,-14.40,629,429,.403,121,.338,187,Southern U.,290,4,1936,33,540,2279,1285,Southern,793,524,.455,-9.43,.681,1330
,367,4,2272,455,248,844,8.98,641,331,.456,115,.398,221,St. Bonaventure,291,9,1850,32,557,2493,1138,St. Bonaventure NCAA,739,623,.781,2.08,.754,1300
,390,13,2357,357,271,784,-11.83,668,322,.415,82,.346,225,St. Francis Brooklyn,292,3,1889,31,421,2260,1046,St. Francis (NY),591,783,.419,-6.90,.712,1260
,393,7,2397,422,232,867,10.44,614,288,.434,171,.329,282,St. John's (NY),293,2,1999,33,446,2412,1109,St. John's (NY),602,706,.485,10.85,.741,1345
,490,6,2468,445,223,871,8.60,598,362,.464,116,.375,173,Stanford,294,4,1877,33,539,2504,1266,Stanford,784,595,.545,7.51,.688,1330
,527,5,2316,490,237,982,2.78,740,395,.488,103,.372,347,SFA,295,9,2012,34,558,2759,1217,Stephen F. Austin NCAA,791,637,.824,-6.99,.705,1360
,350,11,2496,471,250,907,-12.24,586,292,.442,87,.344,228,Stetson,296,5,2053,32,348,2412,1099,Stetson,518,726,.375,-6.31,.672,1290
,448,11,2249,427,249,779,-4.96,647,364,.417,94,.329,261,Stony Brook,297,6,1866,32,398,2205,1152,Stony Brook,606,757,.406,-2.15,.657,1290
,414,6,2130,362,193,751,12.25,538,399,.418,183,.321,239,Syracuse,298,4,1796,33,534,2229,1233,Syracuse NCAA,722,601,.606,9.25,.740,1340
,346,9,2263,408,267,821,7.51,556,328,.425,103,.354,214,Temple,299,4,1931,32,342,2251,1086,Temple,495,755,.531,7.88,.691,1290
,449,12,2253,390,210,808,-10.34,568,306,.448,105,.323,214,UT Martin,300,5,1805,31,309,2135,1086,Tennessee-Martin,426,650,.323,-4.79,.725,1255
,442,9,2010,326,223,669,-5.14,563,261,.425,86,.336,213,Tennessee St.,301,6,1574,30,436,1997,989,Tennessee State,590,664,.500,-2.79,.739,1220
,471,10,2388,471,242,844,-5.62,649,334,.439,107,.347,252,Tennessee Tech,302,5,1924,33,483,2413,1174,Tennessee Tech,710,697,.576,-3.33,.680,1325
,403,4,2191,522,259,833,18.62,646,385,.439,148,.384,208,Tennessee,303,8,1897,33,524,2449,1194,Tennessee NCAA,693,675,.758,10.80,.756,1330
,461,11,2057,323,149,691,-12.00,606,292,.435,84,.341,197,A&M-Corpus Chris,304,4,1589,29,432,1963,1005,Texas A&M-Corpus Christi,603,437,.379,-6.27,.716,1170
,434,7,2234,495,211,887,15.72,536,402,.457,188,.327,180,Texas A&M,305,4,1942,32,415,2400,1323,Texas A&M NCAA,622,645,.625,10.53,.667,1280
,507,10,2500,545,294,927,2.44,617,375,.451,143,.359,229,UT Arlington,306,4,2054,34,492,2640,1333,Texas-Arlington,713,818,.618,-1.20,.690,1365
,406,7,2430,601,271,960,17.03,537,357,.499,115,.400,211,TCU,307,3,1925,32,465,2656,1166,Texas Christian NCAA,657,677,.656,9.97,.708,1305
,381,8,2197,328,224,754,-5.56,576,216,.434,89,.336,129,UTEP,308,2,1736,31,362,2094,1035,Texas-El Paso,541,667,.355,-0.46,.669,1240
,431,9,2507,482,198,807,-7.35,702,370,.403,107,.307,245,UTRGV,309,6,2004,32,604,2416,1200,Texas-Rio Grande Valley,818,645,.469,-2.42,.738,1290
,417,8,2483,463,335,920,-1.31,666,364,.436,89,.362,208,UTSA,310,6,2110,33,420,2595,1326,Texas-San Antonio,613,926,.576,-0.98,.685,1325
,428,17,2711,417,266,878,-7.92,599,350,.441,133,.363,190,Texas Southern,311,5,1989,34,618,2640,1229,Texas Southern NCAA,860,732,.441,-5.83,.719,1370
,442,9,2172,448,214,773,-5.54,543,363,.434,92,.330,179,Texas St.,312,6,1782,33,430,2190,1144,Texas State,651,648,.455,-3.15,.661,1330
,412,6,2135,447,232,863,19.57,599,361,.464,134,.366,245,Texas Tech,313,4,1859,33,525,2483,1182,Texas Tech NCAA,749,634,.727,9.03,.701,1330
,390,7,2251,381,234,851,14.44,531,349,.438,163,.315,205,Texas,314,3,1943,33,431,2367,1175,Texas NCAA,645,742,.576,10.92,.668,1365
,395,6,2532,528,327,913,2.73,541,319,.467,135,.401,127,Toledo,315,9,1953,34,534,2687,1253,Toledo,725,815,.676,-1.66,.737,1360
,405,9,2279,381,210,889,-0.14,633,398,.467,139,.361,209,Towson,316,4,1905,32,458,2446,1219,Towson,667,582,.563,-3.14,.687,1300
,408,10,2408,435,292,848,-1.28,570,319,.439,124,.337,165,Troy,317,4,1930,33,487,2475,1194,Troy,662,866,.485,-1.89,.736,1330
,409,8,2296,483,232,800,1.57,557,294,.450,126,.350,155,Tulane,318,3,1779,31,437,2269,1068,Tulane,613,663,.452,2.44,.713,1250
,398,7,2197,391,247,754,5.33,495,346,.436,68,.347,140,Tulsa,319,4,1731,31,522,2277,1177,Tulsa,720,711,.613,2.75,.725,1255
,379,7,2442,482,300,906,12.86,574,330,.461,125,.383,183,UCLA,320,3,1964,32,509,2621,1242,UCLA NCAA,705,783,.656,7.27,.722,1310
,441,12,2466,473,317,865,2.59,617,290,.454,68,.364,170,Utah St.,321,2,1904,34,442,2489,1132,Utah State,627,870,.500,2.92,.705,1365
,446,8,2167,517,252,869,5.18,530,338,.481,131,.383,192,Utah Valley,322,6,1806,32,507,2497,1216,Utah Valley,688,658,.688,-1.54,.737,1285
,360,6,2062,463,274,748,11.02,503,234,.456,106,.366,158,Utah,323,5,1639,30,435,2205,1011,Utah,572,748,.633,6.25,.760,1205
,469,12,2182,399,213,781,0.71,678,294,.449,105,.341,235,Valparaiso,324,3,1741,32,477,2252,1115,Valparaiso,674,624,.469,1.01,.708,1280
,379,10,2368,392,289,775,8.92,632,311,.437,108,.353,154,Vanderbilt,325,1,1775,32,477,2316,1080,Vanderbilt,642,819,.375,10.54,.743,1290
,378,4,2186,452,258,852,5.51,514,264,.488,89,.404,130,Vermont,326,12,1747,34,561,2523,1138,Vermont,745,638,.794,-3.62,.753,1360
,352,3,2410,567,388,1055,25.69,539,319,.504,135,.398,227,Villanova,327,9,2092,34,462,2960,1208,Villanova NCAA,599,975,.882,9.51,.771,1375
,446,5,2470,510,274,921,3.76,561,342,.458,93,.352,210,VCU,328,5,2013,33,391,2507,1203,Virginia Commonwealth,566,778,.545,2.64,.691,1335
,442,12,2214,355,225,688,-15.21,539,283,.398,87,.320,221,VMI,329,3,1729,30,353,1954,1028,VMI,477,704,.300,-4.03,.740,1200
,381,5,2296,528,280,901,14.88,502,236,.498,73,.385,184,Virginia Tech,330,6,1811,32,469,2551,1056,Virginia Tech NCAA,661,727,.656,6.91,.710,1295
,283,1,1762,453,243,825,23.84,464,277,.461,123,.390,224,Virginia,331,10,1788,33,336,2229,1077,Virginia NCAA,443,623,.939,9.69,.758,1325
,438,8,2176,431,263,818,-2.69,710,426,.433,128,.356,211,Wagner,332,7,1891,32,490,2389,1251,Wagner,690,739,.719,-7.22,.710,1285
,407,8,2305,432,241,801,8.02,604,337,.439,109,.374,181,Wake Forest,333,3,1826,31,430,2273,1108,Wake Forest,583,644,.355,9.05,.738,1240
,421,10,2411,450,341,801,1.02,532,258,.446,71,.377,163,Washington St.,334,1,1795,31,327,2270,1009,Washington State,444,905,.387,5.57,.736,1250
,428,5,2322,371,213,841,7.86,600,313,.455,162,.341,255,Washington,335,4,1848,32,482,2377,1059,Washington,685,624,.625,6.15,.704,1295
,368,4,2195,430,280,846,0.24,551,182,.491,120,.416,161,Weber St.,336,7,1723,31,462,2434,1040,Weber State,602,673,.645,-2.65,.767,1255
,385,5,2346,512,299,944,20.17,725,476,.434,179,.353,273,West Virginia,337,5,2176,34,520,2707,1289,West Virginia NCAA,679,847,.706,9.55,.766,1365
,476,12,2419,427,234,774,-11.68,561,371,.411,92,.333,254,Western Caro.,338,3,1885,32,408,2190,1101,Western Carolina,597,703,.406,-1.41,.683,1280
,350,10,2009,308,188,749,-10.78,432,196,.466,109,.357,136,Western Ill.,339,1,1607,28,326,2012,990,Western Illinois,456,527,.429,-1.99,.715,1135
,402,5,2384,459,185,959,10.03,494,330,.493,124,.355,248,Western Ky.,340,7,1944,34,562,2665,1213,Western Kentucky,792,521,.706,2.43,.710,1365
,342,7,2349,405,233,845,-2.05,559,356,.439,100,.344,209,Western Mich.,341,6,1926,32,479,2402,1130,Western Michigan,659,678,.531,-1.82,.727,1285
,370,2,2283,593,292,930,17.53,562,389,.478,126,.385,150,Wichita St.,342,9,1944,32,504,2656,1291,Wichita State NCAA,683,758,.781,5.87,.738,1290
,382,8,2531,548,337,910,-1.30,530,209,.511,125,.434,174,William & Mary,343,7,1782,31,479,2636,1017,William & Mary,591,777,.613,-1.27,.810,1255
,429,9,2219,455,296,859,-1.58,539,281,.477,144,.375,211,Winthrop,344,7,1801,31,450,2464,1124,Winthrop,623,790,.613,-5.80,.722,1240
,353,8,2177,411,216,793,10.71,543,299,.448,117,.335,180,Wisconsin,345,3,1770,33,404,2206,1010,Wisconsin,578,644,.455,9.83,.699,1325
,404,7,2307,497,342,867,-0.56,568,263,.470,86,.410,216,Wofford,346,7,1843,33,408,2484,1067,Wofford,522,834,.636,-2.22,.782,1320
,446,7,2234,451,233,854,0.74,541,346,.436,75,.342,226,Wright St.,347,8,1959,34,512,2453,1235,Wright State NCAA,714,682,.735,-4.42,.717,1370
,449,7,2597,518,304,873,4.55,654,231,.446,130,.345,215,Wyoming,348,5,1959,33,583,2633,1148,Wyoming,790,881,.606,3.83,.738,1365
,410,2,2458,549,258,953,19.63,558,322,.491,97,.369,193,Xavier,349,9,1942,33,617,2781,1267,Xavier NCAA,781,699,.848,9.84,.790,1335
,407,11,2288,507,252,831,-4.00,541,275,.463,95,.331,204,Yale,350,7,1796,31,398,2312,1052,Yale,551,762,.516,-2.63,.722,1250
,460,13,2647,445,235,902,-13.70,672,457,.427,126,.330,266,Youngstown St.,351,2,2110,32,371,2410,1159,Youngstown State,583,712,.250,-2.60,.636,1290
